<assembly xmlns="http://maven.apache.org/plugins/maven-assembly-plugin/assembly/1.1.2"
          xmlns:xsi="http://www.w3.org/2001/XMLSchema-instance"
          xsi:schemaLocation="http://maven.apache.org/plugins/maven-assembly-plugin/assembly/1.1.2 http://maven.apache.org/xsd/assembly-1.1.2.xsd">
    <id>create-zip</id>
    <formats>
        <format>zip</format>
    </formats>
  	<files>
        <file>
            <source>index.html</source>
        </file>
    </files>
    <fileSets>
        <fileSet>
            <directory>target/site/apidocs</directory>
        </fileSet>
         <fileSet>
            <directory>target</directory>
          	<includes>
                <include>samples-test-*.jar</include>
                <include>samples-test-*.zip</include>
            </includes>
          </fileSet>
    </fileSets>
</assembly>